<!--
  ~ Licensed to the Apache Software Foundation (ASF) under one or more
  ~ contributor license agreements.  See the NOTICE file distributed with
  ~ this work for additional information regarding copyright ownership.
  ~ The ASF licenses this file to You under the Apache License, Version 2.0
  ~ (the "License"); you may not use this file except in compliance with
  ~ the License.  You may obtain a copy of the License at
  ~
  ~     http://www.apache.org/licenses/LICENSE-2.0
  ~
  ~ Unless required by applicable law or agreed to in writing, software
  ~ distributed under the License is distributed on an "AS IS" BASIS,
  ~ WITHOUT WARRANTIES OR CONDITIONS OF ANY KIND, either express or implied.
  ~ See the License for the specific language governing permissions and
  ~ limitations under the License.
  -->
<configuration>
	<property>
		<name>zookeeper.dolphinscheduler.root</name>
		<value>/dolphinscheduler</value>
		<description>
			dolphinscheduler root directory
		</description>
		<on-ambari-upgrade add="true"/>
	</property>
	<property>
		<name>zookeeper.session.timeout</name>
		<value>300</value>
		<value-attributes>
			<type>int</type>
		</value-attributes>
		<description>
		</description>
		<on-ambari-upgrade add="true"/>
	</property>
	<property>
		<name>zookeeper.connection.timeout</name>
		<value>300</value>
		<value-attributes>
			<type>int</type>
		</value-attributes>
		<description>
		</description>
		<on-ambari-upgrade add="true"/>
	</property>
	<property>
		<name>zookeeper.retry.base.sleep</name>
		<value>100</value>
		<value-attributes>
			<type>int</type>
		</value-attributes>
		<description>
		</description>
		<on-ambari-upgrade add="true"/>
	</property>
	<property>
		<name>zookeeper.retry.max.sleep</name>
		<value>30000</value>
		<value-attributes>
			<type>int</type>
		</value-attributes>
		<description>
		</description>
		<on-ambari-upgrade add="true"/>
	</property>
	<property>
		<name>zookeeper.retry.maxtime</name>
		<value>5</value>
		<value-attributes>
			<type>int</type>
		</value-attributes>
		<description>
		</description>
		<on-ambari-upgrade add="true"/>
	</property>
</configuration>