<!--
  ~ Licensed to the Apache Software Foundation (ASF) under one or more
  ~ contributor license agreements.  See the NOTICE file distributed with
  ~ this work for additional information regarding copyright ownership.
  ~ The ASF licenses this file to You under the Apache License, Version 2.0
  ~ (the "License"); you may not use this file except in compliance with
  ~ the License.  You may obtain a copy of the License at
  ~
  ~     http://www.apache.org/licenses/LICENSE-2.0
  ~
  ~ Unless required by applicable law or agreed to in writing, software
  ~ distributed under the License is distributed on an "AS IS" BASIS,
  ~ WITHOUT WARRANTIES OR CONDITIONS OF ANY KIND, either express or implied.
  ~ See the License for the specific language governing permissions and
  ~ limitations under the License.
  -->
<configuration>
	<property>
		<name>org.quartz.scheduler.instanceName</name>
		<value>DolphinScheduler</value>
		<description></description>
	</property>
	<property>
		<!-- 列举枚举值 -->
		<name>org.quartz.scheduler.instanceId</name>
		<value>AUTO</value>
		<description></description>
	</property>
	<property>
		<name>org.quartz.scheduler.makeSchedulerThreadDaemon</name>
		<value>true</value>
		<value-attributes>
			<type>boolean</type>
		</value-attributes>
		<description></description>
	</property>
	<property>
		<name>org.quartz.jobStore.useProperties</name>
		<value>false</value>
		<value-attributes>
			<type>boolean</type>
		</value-attributes>
		<description></description>
	</property>
	<property>
		<name>org.quartz.threadPool.class</name>
		<value>org.quartz.simpl.SimpleThreadPool</value>
		<description></description>
	</property>
	<property>
		<name>org.quartz.threadPool.makeThreadsDaemons</name>
		<value>true</value>
		<value-attributes>
			<type>boolean</type>
		</value-attributes>
		<description></description>
	</property>
	<property>
		<name>org.quartz.threadPool.threadCount</name>
		<value>25</value>
		<value-attributes>
			<type>int</type>
		</value-attributes>
		<description></description>
	</property>
	<property>
		<name>org.quartz.threadPool.threadPriority</name>
		<value>5</value>
		<value-attributes>
			<type>int</type>
		</value-attributes>
		<description></description>
	</property>
	<property>
		<name>org.quartz.jobStore.class</name>
		<value>org.quartz.impl.jdbcjobstore.JobStoreTX</value>
		<description></description>
	</property>
	<property>
		<name>org.quartz.jobStore.tablePrefix</name>
		<value>QRTZ_</value>
		<description></description>
	</property>
	<property>
		<name>org.quartz.jobStore.isClustered</name>
		<value>true</value>
		<value-attributes>
			<type>boolean</type>
		</value-attributes>
		<description></description>
	</property>
	<property>
		<name>org.quartz.jobStore.misfireThreshold</name>
		<value>60000</value>
		<value-attributes>
			<type>int</type>
		</value-attributes>
		<description></description>
	</property>
	<property>
		<name>org.quartz.jobStore.clusterCheckinInterval</name>
		<value>5000</value>
		<value-attributes>
			<type>int</type>
		</value-attributes>
		<description></description>
	</property>
	<property>
		<name>org.quartz.jobStore.acquireTriggersWithinLock</name>
		<value>true</value>
		<value-attributes>
			<type>boolean</type>
		</value-attributes>
		<description></description>
	</property>
	<property>
		<name>org.quartz.jobStore.dataSource</name>
		<value>myDs</value>
		<description></description>
	</property>
	<property>
		<name>org.quartz.dataSource.myDs.connectionProvider.class</name>
		<value>org.apache.dolphinscheduler.service.quartz.DruidConnectionProvider</value>
		<description></description>
	</property>
</configuration>