<assembly
	xmlns="http://maven.apache.org/plugins/maven-assembly-plugin/assembly/1.1.2"
	xmlns:xsi="http://www.w3.org/2001/XMLSchema-instance"
	xsi:schemaLocation="http://maven.apache.org/plugins/maven-assembly-plugin/assembly/1.1.2 http://maven.apache.org/xsd/assembly-1.1.2.xsd">
	<id>AAProperties</id>
	<formats>
		<format>dir</format>
	</formats>

	<moduleSets>
		<moduleSet>
			
			<!-- <useAllReactorProjects>true</useAllReactorProjects> -->
			<includes>
				<include>org.biojava:biojava-core</include>
				<include>org.biojava:biojava-structure</include>

			</includes>
			<binaries>
				<outputDirectory>modules/${artifactId}</outputDirectory>
				<unpack>false</unpack>
			</binaries>			
		</moduleSet>		
	</moduleSets>
	<fileSets>
			<fileSet>				
				<directory>${project.basedir}/src</directory>
				<outputDirectory>dev</outputDirectory> 
				<useDefaultExcludes>true</useDefaultExcludes>
			</fileSet>
		</fileSets>
		
</assembly>