<?xml version="1.0" encoding="UTF-8"?>
<!--
  ~ Licensed to the Apache Software Foundation (ASF) under one or more
  ~ contributor license agreements.  See the NOTICE file distributed with
  ~ this work for additional information regarding copyright ownership.
  ~ The ASF licenses this file to You under the Apache License, Version 2.0
  ~ (the "License"); you may not use this file except in compliance with
  ~ the License.  You may obtain a copy of the License at
  ~
  ~     http://www.apache.org/licenses/LICENSE-2.0
  ~
  ~ Unless required by applicable law or agreed to in writing, software
  ~ distributed under the License is distributed on an "AS IS" BASIS,
  ~ WITHOUT WARRANTIES OR CONDITIONS OF ANY KIND, either express or implied.
  ~ See the License for the specific language governing permissions and
  ~ limitations under the License.
  -->

<!-- Logback configuration. See http://logback.qos.ch/manual/index.html -->
<configuration scan="true" scanPeriod="120 seconds"> <!--debug="true" -->

    <property name="log.base" value="logs"/>
    <appender name="STDOUT" class="ch.qos.logback.core.ConsoleAppender">
        <encoder>
            <pattern>
                [%level] %date{yyyy-MM-dd HH:mm:ss.SSS} %logger{96}:[%line] - %msg%n
            </pattern>
            <charset>UTF-8</charset>
        </encoder>
    </appender>

    <!-- api server logback config start -->
    <appender name="APILOGFILE" class="ch.qos.logback.core.rolling.RollingFileAppender">
        <file>${log.base}/dolphinscheduler-api.log</file>
        <filter class="ch.qos.logback.classic.filter.ThresholdFilter">
            <level>INFO</level>
        </filter>
        <rollingPolicy class="ch.qos.logback.core.rolling.SizeAndTimeBasedRollingPolicy">
            <fileNamePattern>${log.base}/dolphinscheduler-api.%d{yyyy-MM-dd_HH}.%i.log</fileNamePattern>
            <maxHistory>168</maxHistory>
            <maxFileSize>64MB</maxFileSize>
        </rollingPolicy>
        <encoder>
            <pattern>
                [%level] %date{yyyy-MM-dd HH:mm:ss.SSS} %logger{96}:[%line] - %msg%n
            </pattern>
            <charset>UTF-8</charset>
        </encoder>
    </appender>
    <!-- api server logback config end -->

    <!-- skywalking log reporter start-->
    <appender name="SKYWALKING-LOG" class="org.apache.skywalking.apm.toolkit.log.logback.v1.x.log.GRPCLogClientAppender"/>
    <!-- skywalking log reporter end-->

    <logger name="org.apache.zookeeper" level="WARN"/>
    <logger name="org.apache.hbase" level="WARN"/>
    <logger name="org.apache.hadoop" level="WARN"/>


    <root level="INFO">
        <appender-ref ref="APILOGFILE"/>
        <appender-ref ref="SKYWALKING-LOG"/>
    </root>

</configuration>