<?xml version="1.0" encoding="UTF-8" ?>
<!--
  ~ Licensed to the Apache Software Foundation (ASF) under one or more
  ~ contributor license agreements.  See the NOTICE file distributed with
  ~ this work for additional information regarding copyright ownership.
  ~ The ASF licenses this file to You under the Apache License, Version 2.0
  ~ (the "License"); you may not use this file except in compliance with
  ~ the License.  You may obtain a copy of the License at
  ~
  ~     http://www.apache.org/licenses/LICENSE-2.0
  ~
  ~ Unless required by applicable law or agreed to in writing, software
  ~ distributed under the License is distributed on an "AS IS" BASIS,
  ~ WITHOUT WARRANTIES OR CONDITIONS OF ANY KIND, either express or implied.
  ~ See the License for the specific language governing permissions and
  ~ limitations under the License.
  -->

<!DOCTYPE mapper PUBLIC "-//mybatis.org//DTD Mapper 3.0//EN" "http://mybatis.org/dtd/mybatis-3-mapper.dtd" >
<mapper namespace="org.apache.dolphinscheduler.dao.mapper.AlertGroupMapper">
    <select id="queryAlertGroupPage" resultType="org.apache.dolphinscheduler.dao.entity.AlertGroup">
        select * from t_ds_alertgroup
        where 1 = 1
        <if test="groupName != null and groupName != ''">
            and group_name like concat('%', #{groupName}, '%')
        </if>
        order by update_time desc
    </select>
    <select id="queryByGroupName" resultType="org.apache.dolphinscheduler.dao.entity.AlertGroup">
        select * from t_ds_alertgroup
        where group_name=#{groupName}
    </select>
    <select id="queryByUserId" resultType="org.apache.dolphinscheduler.dao.entity.AlertGroup">
        select * from t_ds_alertgroup t
        left join t_ds_relation_user_alertgroup r on t.id=r.alertgroup_id
        where r.user_id=#{userId}
    </select>
    <select id="queryByAlertType" resultType="org.apache.dolphinscheduler.dao.entity.AlertGroup">
        select * from t_ds_alertgroup
        where group_type=#{alertType}
    </select>
    <select id="queryAllGroupList" resultType="org.apache.dolphinscheduler.dao.entity.AlertGroup">
        select *
        from t_ds_alertgroup
        order by update_time desc
    </select>
</mapper>